Modelo,Media_Residuos,Std_Residuos
Volatilidad 14 días,-0.01193857832219546,0.1467527232839415
Volatilidad 21 días,0.0181485954857091,0.10849236702339228
Volatilidad 28 días,-0.00462531092163084,0.07674876972763514
Volatilidad 7 días,0.013726284847915424,0.21524362237506933
